Sl. No.,Name
1,chp_shortrermplan1b
2,chp_shorttermplan2a
3,chp_shorttermplan2c
4,gastrans
5,hmittelman
6,hybriddynamic_var
7,nvs04
8,nvs07
9,nvs16
10,sfacloc1_2_80
11,sfacloc1_2_90
12,sfacloc1_2_95
13,sfacloc1_3_80
14,sfacloc1_3_90
15,sfacloc1_3_95
16,st_e38
17,st_e40
18,transswitch0009r
19,transswitch0030r
20,waterno2_01
21,waterno2_02
22,waterno2_04
23,waterno2_06
24,waterno2_09
25,alkyl
26,ex4_1_1
27,ex4_1_2
28,ex4_1_3
29,ex4_1_4
30,ex4_1_5
31,ex4_1_6
32,ex4_1_7
33,ex4_1_9
34,ex7_3_2
35,ex8_1_7
36,ex8_4_2
37,ex14_1_2
38,harker
39,kall_ellipsoids_tc05a
40,mathopt1
41,mathopt2
42,mathopt5_4
43,mathopt5_7
44,mathopt5_8
45,orth_d3m6
46,orth_d3m6_pl
47,orth_d4m6_pl
48,prob09
49,rbrock
50,st_e03
51,st_e19
52,d7n5R0R6d1d05
53,d7n5R0R6d01d05
54,d7n5R0R6d05d05
55,d7n5R0R6d005d05
56,d7n5R1R6d1d1
57,d7n5R1R6d01d1
58,d7n5R1R6d1d05
59,d7n5R1R6d01d05
60,d7n5R1R6d05d1
61,d7n5R1R6d005d1
62,d7n5R1R6d05d05
63,d7n5R1R6d005d05
64,d7n5R2R6d1d1
65,d7n5R2R6d01d1
66,d7n5R2R6d1d05
67,d7n5R2R6d01d05
68,d7n5R2R6d05d1
69,d7n5R2R6d005d1
70,d7n5R2R6d05d05
71,d7n5R2R6d005d05
72,d6n6R0R6d1d05
73,d6n6R0R6d01d05
74,d6n6R0R6d05d05
75,d6n6R0R6d005d05
76,d6n6R1R6d1d1
77,d6n6R1R6d01d1
78,d6n6R1R6d1d05
79,d6n6R1R6d01d05
80,d6n6R1R6d05d1
81,d6n6R1R6d005d1
82,d6n6R1R6d05d05
83,d6n6R1R6d005d05
84,d6n6R3R6d1d1
85,d6n6R3R6d01d1
86,d6n6R3R6d1d05
87,d6n6R3R6d01d05
88,d6n6R3R6d05d1
89,d6n6R3R6d005d1
90,d6n6R3R6d05d05
91,d6n6R3R6d005d05
92,d5n8R0R6d1d05
93,d5n8R0R6d01d05
94,d5n8R0R6d05d05
95,d5n8R0R6d005d05
96,d5n8R2R6d1d1
97,d5n8R2R6d01d1
98,d5n8R2R6d1d05
99,d5n8R2R6d01d05
100,d5n8R2R6d05d1
101,d5n8R2R6d005d1
102,d5n8R2R6d05d05
103,d5n8R2R6d005d05
104,d5n8R4R6d1d1
105,d5n8R4R6d01d1
106,d5n8R4R6d1d05
107,d5n8R4R6d01d05
108,d5n8R4R6d05d1
109,d5n8R4R6d005d1
110,d5n8R4R6d05d05
111,d5n8R4R6d005d05
112,d4n12R0R7d1d05
113,d4n12R0R7d05d05
114,d4n12R3R7d1d1
115,d4n12R3R7d1d05
116,d4n12R3R7d05d1
117,d4n12R3R7d05d05
118,d4n12R6R7d1d1
119,d4n12R6R7d1d05
120,d4n12R6R7d05d1
121,d4n12R6R7d05d05
122,d3n16R0R9d1d05
123,d3n16R4R9d1d05
124,d3n16R8R9d01d1
125,d3n16R8R9d0005d05
126,tuncphd_19
127,tuncphd_20
128,tuncphd_22
129,tuncphd_23
130,tuncphd_24
131,tuncphd_27
132,tuncphd_29
133,tuncphd_30
134,tuncphd_31
135,tuncphd_33
136,refinery
137,beryllium
